Category.categories.name=Categories
Category.clothes.name=Clothes
Category.others.name=Others
Category.skigear.name=Ski\u0020Gear
Category.goggles.name=Goggles
Category.tools.name=Tools
Category.guides.name=Guides
Category.brands.name=Brands
Category.32.name=32
Category.7S.name=7S
Category.Absinthe.name=Absinthe
Category.adidas.name=adidas
Category.adidas\u0020eyewear.name=adidas\u0020eyewear
Category.Adio.name=Adio
Category.Blowfish.name=Blowfish
Category.Blue\u0020Tomato.name=Blue\u0020Tomato
Category.Body\u0020Glove.name=Body\u0020Glove
Category.Coal.name=Coal
Category.Creatures\u0020of\u0020Leisure.name=Creatures\u0020of\u0020Leisure
Category.Elan.name=Elan
Category.Horsefeathers.name=Horsefeathers
Category.Lightning\u0020Bolt.name=Lightning\u0020Bolt
Category.Line.name=Line
Category.Liquid\u0020Force.name=Liquid\u0020Force
Category.Matix.name=Matix
Category.MBM.name=MBM
Category.Mr.\u0020Lacy.name=Mr.\u0020Lacy
Category.New\u0020Era.name=New\u0020Era
Category.New\u0020Stormrider\u0020Guide.name=New\u0020Stormrider\u0020Guide
Category.Nike.name=Nike
Category.Nike\u00206.0.name=Nike\u00206.0
Category.Nike\u0020ACG.name=Nike\u0020ACG
Category.Odlo.name=Odlo
Category.Sykum.name=Sykum
Category.Technine.name=Technine
Category.The\u0020Hundreds.name=The\u0020Hundreds
Category.Vox.name=Vox
Category.Wave-Finder\u0020Surf\u0020Guide.name=Wave-Finder\u0020Surf\u0020Guide
Category.WeSC.name=WeSC
